,subreddit,title,selftext,time
0,wallstreetbets,Times Square right now,,2021-01-30 13:00:38
0,wallstreetbets,UPVOTE so everyone sees we got SUPPORT,,2021-01-28 08:40:34
0,wallstreetbets,GME YOLO update ‚Äî Jan 28 2021,,2021-01-28 16:06:23
0,wallstreetbets,GME YOLO month-end update ‚Äî Jan 2021,,2021-01-29 16:04:45
0,wallstreetbets,It‚Äôs treason then,,2021-01-29 18:40:59
0,wallstreetbets,"CLASS ACTION AGAINST ROBINHOOD. Allowing people to only sell is the definition of market manipulation. A class action must be started, Robinhood has made plenty of money off selling info about our trades to the hedge funds to be able to pay out a little for causing people to loose money now","LEAVE ROBINHOOD. They dont deserve to make money off us after the millions they caused in losses. It might take a couple of days, but send Robinhood to the ground and GME to the moon.",2021-01-28 08:49:11
0,wallstreetbets,GME YOLO update ‚Äî Feb 19 2021,,2021-02-19 16:05:55
0,wallstreetbets,GME YOLO update ‚Äî Jan 27 2021 --------------------------------------- guess i need 102 characters in title now,,2021-01-27 16:15:35
0,wallstreetbets,GME YOLO update ‚Äî Feb 1 2021,,2021-02-01 16:07:36
0,wallstreetbets,"Used some of my GME tendies to buy Nintendo Switches from Gamestop, then donated them to a Children's Hospital. Got featured on the local news and brought glory to WSB.",,2021-01-29 21:53:40
0,wallstreetbets,IT'S POWER TO THE TRADERS NOW,,2021-01-28 20:35:58
0,wallstreetbets,That‚Äôs what I thought,,2021-01-29 19:24:35
0,wallstreetbets,Can we all take a moment and appreciate the Mods who have grinded through this and held our community together. Thank you.,,2021-01-27 19:57:32
0,wallstreetbets,"It runs very deep, my friends.",,2021-01-28 16:47:55
0,wallstreetbets,I am proud to do my part in paying forward our good fortune with a donation of 6 Nintendo Switches and games to go with them to the Children‚Äôs Minnesota Hospital. Cant Stop. Won‚Äôt Stop. GameStop. (Still long 50 shares I WILL NOT SELL),,2021-01-30 20:04:23
0,wallstreetbets,Crazy mannnnnnn. We can't let this slide at all,,2021-01-28 13:42:01
0,wallstreetbets,Drew this for you my fellow retards üíéüôåüèº,,2021-01-31 15:04:58
0,wallstreetbets,Mark Cuban spent nearly 2 hours answering questions in his AMA. And then immediately called into CNBC to defend WSB!,,2021-02-02 11:25:43
0,wallstreetbets,AOC got our backs,,2021-01-27 16:55:22
0,wallstreetbets,I‚Äôm so proud of you all.,,2021-01-28 16:33:21
0,wallstreetbets,WE'RE IN THE ENDGAME NOW,,2021-01-29 03:21:42
0,wallstreetbets,WSB right now,,2021-02-02 17:32:08
0,wallstreetbets,In honor of finally seeing the almighty u/deepfuckingvalue. We must now do our part in having him written in the history books as the greatest that WallStreetBets has ever seen.,,2021-01-29 12:58:34
0,wallstreetbets,GME YOLO update ‚Äî Mar 8 2021,,2021-03-08 16:08:31
0,wallstreetbets,Congress might do something for once,,2021-01-28 18:18:35
